date_day,date_id,fixed_calendar_week_start,fixed_calendar_week_end,fixed_calendar_week_id,month_start,fixed_calendar_month_start,fixed_calendar_month_end,fixed_calendar_month_id,quarter_start,year_start,year_number,month_number,day_of_month,day_of_week,is_weekend,rolling_7d_start,rolling_7d_end,rolling_28d_start,rolling_28d_end
2025-08-01,20250801,2025-07-27,2025-08-02,202531,2025-08-01,2025-08-01,2025-08-31,202508,2025-07-01,2025-01-01,2025,8,1,5,false,2025-07-26,2025-08-01,2025-07-05,2025-08-01
2025-08-02,20250802,2025-07-27,2025-08-02,202531,2025-08-01,2025-08-01,2025-08-31,202508,2025-07-01,2025-01-01,2025,8,2,6,true,2025-07-27,2025-08-02,2025-07-06,2025-08-02
2025-08-03,20250803,2025-08-03,2025-08-09,202531,2025-08-01,2025-08-01,2025-08-31,202508,2025-07-01,2025-01-01,2025,8,3,0,true,2025-07-28,2025-08-03,2025-07-07,2025-08-03
2025-08-04,20250804,2025-08-03,2025-08-09,202532,2025-08-01,2025-08-01,2025-08-31,202508,2025-07-01,2025-01-01,2025,8,4,1,false,2025-07-29,2025-08-04,2025-07-08,2025-08-04
2025-08-05,20250805,2025-08-03,2025-08-09,202532,2025-08-01,2025-08-01,2025-08-31,202508,2025-07-01,2025-01-01,2025,8,5,2,false,2025-07-30,2025-08-05,2025-07-09,2025-08-05
2025-08-06,20250806,2025-08-03,2025-08-09,202532,2025-08-01,2025-08-01,2025-08-31,202508,2025-07-01,2025-01-01,2025,8,6,3,false,2025-07-31,2025-08-06,2025-07-10,2025-08-06
2025-08-07,20250807,2025-08-03,2025-08-09,202532,2025-08-01,2025-08-01,2025-08-31,202508,2025-07-01,2025-01-01,2025,8,7,4,false,2025-08-01,2025-08-07,2025-07-11,2025-08-07
2025-08-08,20250808,2025-08-03,2025-08-09,202532,2025-08-01,2025-08-01,2025-08-31,202508,2025-07-01,2025-01-01,2025,8,8,5,false,2025-08-02,2025-08-08,2025-07-12,2025-08-08
2025-08-09,20250809,2025-08-03,2025-08-09,202532,2025-08-01,2025-08-01,2025-08-31,202508,2025-07-01,2025-01-01,2025,8,9,6,true,2025-08-03,2025-08-09,2025-07-13,2025-08-09
2025-08-10,20250810,2025-08-10,2025-08-16,202532,2025-08-01,2025-08-01,2025-08-31,202508,2025-07-01,2025-01-01,2025,8,10,0,true,2025-08-04,2025-08-10,2025-07-14,2025-08-10
2025-08-11,20250811,2025-08-10,2025-08-16,202533,2025-08-01,2025-08-01,2025-08-31,202508,2025-07-01,2025-01-01,2025,8,11,1,false,2025-08-05,2025-08-11,2025-07-15,2025-08-11
2025-08-12,20250812,2025-08-10,2025-08-16,202533,2025-08-01,2025-08-01,2025-08-31,202508,2025-07-01,2025-01-01,2025,8,12,2,false,2025-08-06,2025-08-12,2025-07-16,2025-08-12
2025-08-13,20250813,2025-08-10,2025-08-16,202533,2025-08-01,2025-08-01,2025-08-31,202508,2025-07-01,2025-01-01,2025,8,13,3,false,2025-08-07,2025-08-13,2025-07-17,2025-08-13
2025-08-14,20250814,2025-08-10,2025-08-16,202533,2025-08-01,2025-08-01,2025-08-31,202508,2025-07-01,2025-01-01,2025,8,14,4,false,2025-08-08,2025-08-14,2025-07-18,2025-08-14
2025-08-15,20250815,2025-08-10,2025-08-16,202533,2025-08-01,2025-08-01,2025-08-31,202508,2025-07-01,2025-01-01,2025,8,15,5,false,2025-08-09,2025-08-15,2025-07-19,2025-08-15
2025-08-16,20250816,2025-08-10,2025-08-16,202533,2025-08-01,2025-08-01,2025-08-31,202508,2025-07-01,2025-01-01,2025,8,16,6,true,2025-08-10,2025-08-16,2025-07-20,2025-08-16
2025-08-17,20250817,2025-08-17,2025-08-23,202533,2025-08-01,2025-08-01,2025-08-31,202508,2025-07-01,2025-01-01,2025,8,17,0,true,2025-08-11,2025-08-17,2025-07-21,2025-08-17
2025-08-18,20250818,2025-08-17,2025-08-23,202534,2025-08-01,2025-08-01,2025-08-31,202508,2025-07-01,2025-01-01,2025,8,18,1,false,2025-08-12,2025-08-18,2025-07-22,2025-08-18
2025-08-19,20250819,2025-08-17,2025-08-23,202534,2025-08-01,2025-08-01,2025-08-31,202508,2025-07-01,2025-01-01,2025,8,19,2,false,2025-08-13,2025-08-19,2025-07-23,2025-08-19
2025-08-20,20250820,2025-08-17,2025-08-23,202534,2025-08-01,2025-08-01,2025-08-31,202508,2025-07-01,2025-01-01,2025,8,20,3,false,2025-08-14,2025-08-20,2025-07-24,2025-08-20
2025-08-21,20250821,2025-08-17,2025-08-23,202534,2025-08-01,2025-08-01,2025-08-31,202508,2025-07-01,2025-01-01,2025,8,21,4,false,2025-08-15,2025-08-21,2025-07-25,2025-08-21
2025-08-22,20250822,2025-08-17,2025-08-23,202534,2025-08-01,2025-08-01,2025-08-31,202508,2025-07-01,2025-01-01,2025,8,22,5,false,2025-08-16,2025-08-22,2025-07-26,2025-08-22
2025-08-23,20250823,2025-08-17,2025-08-23,202534,2025-08-01,2025-08-01,2025-08-31,202508,2025-07-01,2025-01-01,2025,8,23,6,true,2025-08-17,2025-08-23,2025-07-27,2025-08-23
2025-08-24,20250824,2025-08-24,2025-08-30,202534,2025-08-01,2025-08-01,2025-08-31,202508,2025-07-01,2025-01-01,2025,8,24,0,true,2025-08-18,2025-08-24,2025-07-28,2025-08-24
2025-08-25,20250825,2025-08-24,2025-08-30,202535,2025-08-01,2025-08-01,2025-08-31,202508,2025-07-01,2025-01-01,2025,8,25,1,false,2025-08-19,2025-08-25,2025-07-29,2025-08-25
2025-08-26,20250826,2025-08-24,2025-08-30,202535,2025-08-01,2025-08-01,2025-08-31,202508,2025-07-01,2025-01-01,2025,8,26,2,false,2025-08-20,2025-08-26,2025-07-30,2025-08-26
2025-08-27,20250827,2025-08-24,2025-08-30,202535,2025-08-01,2025-08-01,2025-08-31,202508,2025-07-01,2025-01-01,2025,8,27,3,false,2025-08-21,2025-08-27,2025-07-31,2025-08-27
2025-08-28,20250828,2025-08-24,2025-08-30,202535,2025-08-01,2025-08-01,2025-08-31,202508,2025-07-01,2025-01-01,2025,8,28,4,false,2025-08-22,2025-08-28,2025-08-01,2025-08-28
2025-08-29,20250829,2025-08-24,2025-08-30,202535,2025-08-01,2025-08-01,2025-08-31,202508,2025-07-01,2025-01-01,2025,8,29,5,false,2025-08-23,2025-08-29,2025-08-02,2025-08-29
2025-08-30,20250830,2025-08-24,2025-08-30,202535,2025-08-01,2025-08-01,2025-08-31,202508,2025-07-01,2025-01-01,2025,8,30,6,true,2025-08-24,2025-08-30,2025-08-03,2025-08-30
2025-08-31,20250831,2025-08-31,2025-09-06,202535,2025-08-01,2025-08-01,2025-08-31,202508,2025-07-01,2025-01-01,2025,8,31,0,true,2025-08-25,2025-08-31,2025-08-04,2025-08-31
2025-09-01,20250901,2025-08-31,2025-09-06,202536,2025-09-01,2025-09-01,2025-09-30,202509,2025-07-01,2025-01-01,2025,9,1,1,false,2025-08-26,2025-09-01,2025-08-05,2025-09-01
2025-09-02,20250902,2025-08-31,2025-09-06,202536,2025-09-01,2025-09-01,2025-09-30,202509,2025-07-01,2025-01-01,2025,9,2,2,false,2025-08-27,2025-09-02,2025-08-06,2025-09-02
2025-09-03,20250903,2025-08-31,2025-09-06,202536,2025-09-01,2025-09-01,2025-09-30,202509,2025-07-01,2025-01-01,2025,9,3,3,false,2025-08-28,2025-09-03,2025-08-07,2025-09-03
2025-09-04,20250904,2025-08-31,2025-09-06,202536,2025-09-01,2025-09-01,2025-09-30,202509,2025-07-01,2025-01-01,2025,9,4,4,false,2025-08-29,2025-09-04,2025-08-08,2025-09-04
2025-09-05,20250905,2025-08-31,2025-09-06,202536,2025-09-01,2025-09-01,2025-09-30,202509,2025-07-01,2025-01-01,2025,9,5,5,false,2025-08-30,2025-09-05,2025-08-09,2025-09-05
2025-09-06,20250906,2025-08-31,2025-09-06,202536,2025-09-01,2025-09-01,2025-09-30,202509,2025-07-01,2025-01-01,2025,9,6,6,true,2025-08-31,2025-09-06,2025-08-10,2025-09-06
2025-09-07,20250907,2025-09-07,2025-09-13,202536,2025-09-01,2025-09-01,2025-09-30,202509,2025-07-01,2025-01-01,2025,9,7,0,true,2025-09-01,2025-09-07,2025-08-11,2025-09-07
2025-09-08,20250908,2025-09-07,2025-09-13,202537,2025-09-01,2025-09-01,2025-09-30,202509,2025-07-01,2025-01-01,2025,9,8,1,false,2025-09-02,2025-09-08,2025-08-12,2025-09-08
2025-09-09,20250909,2025-09-07,2025-09-13,202537,2025-09-01,2025-09-01,2025-09-30,202509,2025-07-01,2025-01-01,2025,9,9,2,false,2025-09-03,2025-09-09,2025-08-13,2025-09-09
2025-09-10,20250910,2025-09-07,2025-09-13,202537,2025-09-01,2025-09-01,2025-09-30,202509,2025-07-01,2025-01-01,2025,9,10,3,false,2025-09-04,2025-09-10,2025-08-14,2025-09-10
2025-09-11,20250911,2025-09-07,2025-09-13,202537,2025-09-01,2025-09-01,2025-09-30,202509,2025-07-01,2025-01-01,2025,9,11,4,false,2025-09-05,2025-09-11,2025-08-15,2025-09-11
2025-09-12,20250912,2025-09-07,2025-09-13,202537,2025-09-01,2025-09-01,2025-09-30,202509,2025-07-01,2025-01-01,2025,9,12,5,false,2025-09-06,2025-09-12,2025-08-16,2025-09-12
2025-09-13,20250913,2025-09-07,2025-09-13,202537,2025-09-01,2025-09-01,2025-09-30,202509,2025-07-01,2025-01-01,2025,9,13,6,true,2025-09-07,2025-09-13,2025-08-17,2025-09-13
2025-09-14,20250914,2025-09-14,2025-09-20,202537,2025-09-01,2025-09-01,2025-09-30,202509,2025-07-01,2025-01-01,2025,9,14,0,true,2025-09-08,2025-09-14,2025-08-18,2025-09-14
2025-09-15,20250915,2025-09-14,2025-09-20,202538,2025-09-01,2025-09-01,2025-09-30,202509,2025-07-01,2025-01-01,2025,9,15,1,false,2025-09-09,2025-09-15,2025-08-19,2025-09-15
2025-09-16,20250916,2025-09-14,2025-09-20,202538,2025-09-01,2025-09-01,2025-09-30,202509,2025-07-01,2025-01-01,2025,9,16,2,false,2025-09-10,2025-09-16,2025-08-20,2025-09-16
2025-09-17,20250917,2025-09-14,2025-09-20,202538,2025-09-01,2025-09-01,2025-09-30,202509,2025-07-01,2025-01-01,2025,9,17,3,false,2025-09-11,2025-09-17,2025-08-21,2025-09-17
2025-09-18,20250918,2025-09-14,2025-09-20,202538,2025-09-01,2025-09-01,2025-09-30,202509,2025-07-01,2025-01-01,2025,9,18,4,false,2025-09-12,2025-09-18,2025-08-22,2025-09-18
2025-09-19,20250919,2025-09-14,2025-09-20,202538,2025-09-01,2025-09-01,2025-09-30,202509,2025-07-01,2025-01-01,2025,9,19,5,false,2025-09-13,2025-09-19,2025-08-23,2025-09-19
2025-09-20,20250920,2025-09-14,2025-09-20,202538,2025-09-01,2025-09-01,2025-09-30,202509,2025-07-01,2025-01-01,2025,9,20,6,true,2025-09-14,2025-09-20,2025-08-24,2025-09-20
2025-09-21,20250921,2025-09-21,2025-09-27,202538,2025-09-01,2025-09-01,2025-09-30,202509,2025-07-01,2025-01-01,2025,9,21,0,true,2025-09-15,2025-09-21,2025-08-25,2025-09-21
2025-09-22,20250922,2025-09-21,2025-09-27,202539,2025-09-01,2025-09-01,2025-09-30,202509,2025-07-01,2025-01-01,2025,9,22,1,false,2025-09-16,2025-09-22,2025-08-26,2025-09-22
2025-09-23,20250923,2025-09-21,2025-09-27,202539,2025-09-01,2025-09-01,2025-09-30,202509,2025-07-01,2025-01-01,2025,9,23,2,false,2025-09-17,2025-09-23,2025-08-27,2025-09-23
2025-09-24,20250924,2025-09-21,2025-09-27,202539,2025-09-01,2025-09-01,2025-09-30,202509,2025-07-01,2025-01-01,2025,9,24,3,false,2025-09-18,2025-09-24,2025-08-28,2025-09-24
2025-09-25,20250925,2025-09-21,2025-09-27,202539,2025-09-01,2025-09-01,2025-09-30,202509,2025-07-01,2025-01-01,2025,9,25,4,false,2025-09-19,2025-09-25,2025-08-29,2025-09-25
2025-09-26,20250926,2025-09-21,2025-09-27,202539,2025-09-01,2025-09-01,2025-09-30,202509,2025-07-01,2025-01-01,2025,9,26,5,false,2025-09-20,2025-09-26,2025-08-30,2025-09-26
2025-09-27,20250927,2025-09-21,2025-09-27,202539,2025-09-01,2025-09-01,2025-09-30,202509,2025-07-01,2025-01-01,2025,9,27,6,true,2025-09-21,2025-09-27,2025-08-31,2025-09-27
2025-09-28,20250928,2025-09-28,2025-10-04,202539,2025-09-01,2025-09-01,2025-09-30,202509,2025-07-01,2025-01-01,2025,9,28,0,true,2025-09-22,2025-09-28,2025-09-01,2025-09-28
2025-09-29,20250929,2025-09-28,2025-10-04,202540,2025-09-01,2025-09-01,2025-09-30,202509,2025-07-01,2025-01-01,2025,9,29,1,false,2025-09-23,2025-09-29,2025-09-02,2025-09-29
2025-09-30,20250930,2025-09-28,2025-10-04,202540,2025-09-01,2025-09-01,2025-09-30,202509,2025-07-01,2025-01-01,2025,9,30,2,false,2025-09-24,2025-09-30,2025-09-03,2025-09-30
2025-10-01,20251001,2025-09-28,2025-10-04,202540,2025-10-01,2025-10-01,2025-10-31,202510,2025-10-01,2025-01-01,2025,10,1,3,false,2025-09-25,2025-10-01,2025-09-04,2025-10-01
2025-10-02,20251002,2025-09-28,2025-10-04,202540,2025-10-01,2025-10-01,2025-10-31,202510,2025-10-01,2025-01-01,2025,10,2,4,false,2025-09-26,2025-10-02,2025-09-05,2025-10-02
2025-10-03,20251003,2025-09-28,2025-10-04,202540,2025-10-01,2025-10-01,2025-10-31,202510,2025-10-01,2025-01-01,2025,10,3,5,false,2025-09-27,2025-10-03,2025-09-06,2025-10-03
2025-10-04,20251004,2025-09-28,2025-10-04,202540,2025-10-01,2025-10-01,2025-10-31,202510,2025-10-01,2025-01-01,2025,10,4,6,true,2025-09-28,2025-10-04,2025-09-07,2025-10-04
2025-10-05,20251005,2025-10-05,2025-10-11,202540,2025-10-01,2025-10-01,2025-10-31,202510,2025-10-01,2025-01-01,2025,10,5,0,true,2025-09-29,2025-10-05,2025-09-08,2025-10-05
2025-10-06,20251006,2025-10-05,2025-10-11,202541,2025-10-01,2025-10-01,2025-10-31,202510,2025-10-01,2025-01-01,2025,10,6,1,false,2025-09-30,2025-10-06,2025-09-09,2025-10-06
2025-10-07,20251007,2025-10-05,2025-10-11,202541,2025-10-01,2025-10-01,2025-10-31,202510,2025-10-01,2025-01-01,2025,10,7,2,false,2025-10-01,2025-10-07,2025-09-10,2025-10-07
2025-10-08,20251008,2025-10-05,2025-10-11,202541,2025-10-01,2025-10-01,2025-10-31,202510,2025-10-01,2025-01-01,2025,10,8,3,false,2025-10-02,2025-10-08,2025-09-11,2025-10-08
2025-10-09,20251009,2025-10-05,2025-10-11,202541,2025-10-01,2025-10-01,2025-10-31,202510,2025-10-01,2025-01-01,2025,10,9,4,false,2025-10-03,2025-10-09,2025-09-12,2025-10-09
2025-10-10,20251010,2025-10-05,2025-10-11,202541,2025-10-01,2025-10-01,2025-10-31,202510,2025-10-01,2025-01-01,2025,10,10,5,false,2025-10-04,2025-10-10,2025-09-13,2025-10-10
2025-10-11,20251011,2025-10-05,2025-10-11,202541,2025-10-01,2025-10-01,2025-10-31,202510,2025-10-01,2025-01-01,2025,10,11,6,true,2025-10-05,2025-10-11,2025-09-14,2025-10-11
2025-10-12,20251012,2025-10-12,2025-10-18,202541,2025-10-01,2025-10-01,2025-10-31,202510,2025-10-01,2025-01-01,2025,10,12,0,true,2025-10-06,2025-10-12,2025-09-15,2025-10-12
2025-10-13,20251013,2025-10-12,2025-10-18,202542,2025-10-01,2025-10-01,2025-10-31,202510,2025-10-01,2025-01-01,2025,10,13,1,false,2025-10-07,2025-10-13,2025-09-16,2025-10-13
2025-10-14,20251014,2025-10-12,2025-10-18,202542,2025-10-01,2025-10-01,2025-10-31,202510,2025-10-01,2025-01-01,2025,10,14,2,false,2025-10-08,2025-10-14,2025-09-17,2025-10-14
2025-10-15,20251015,2025-10-12,2025-10-18,202542,2025-10-01,2025-10-01,2025-10-31,202510,2025-10-01,2025-01-01,2025,10,15,3,false,2025-10-09,2025-10-15,2025-09-18,2025-10-15
2025-10-16,20251016,2025-10-12,2025-10-18,202542,2025-10-01,2025-10-01,2025-10-31,202510,2025-10-01,2025-01-01,2025,10,16,4,false,2025-10-10,2025-10-16,2025-09-19,2025-10-16
2025-10-17,20251017,2025-10-12,2025-10-18,202542,2025-10-01,2025-10-01,2025-10-31,202510,2025-10-01,2025-01-01,2025,10,17,5,false,2025-10-11,2025-10-17,2025-09-20,2025-10-17
2025-10-18,20251018,2025-10-12,2025-10-18,202542,2025-10-01,2025-10-01,2025-10-31,202510,2025-10-01,2025-01-01,2025,10,18,6,true,2025-10-12,2025-10-18,2025-09-21,2025-10-18
2025-10-19,20251019,2025-10-19,2025-10-25,202542,2025-10-01,2025-10-01,2025-10-31,202510,2025-10-01,2025-01-01,2025,10,19,0,true,2025-10-13,2025-10-19,2025-09-22,2025-10-19
2025-10-20,20251020,2025-10-19,2025-10-25,202543,2025-10-01,2025-10-01,2025-10-31,202510,2025-10-01,2025-01-01,2025,10,20,1,false,2025-10-14,2025-10-20,2025-09-23,2025-10-20
2025-10-21,20251021,2025-10-19,2025-10-25,202543,2025-10-01,2025-10-01,2025-10-31,202510,2025-10-01,2025-01-01,2025,10,21,2,false,2025-10-15,2025-10-21,2025-09-24,2025-10-21
2025-10-22,20251022,2025-10-19,2025-10-25,202543,2025-10-01,2025-10-01,2025-10-31,202510,2025-10-01,2025-01-01,2025,10,22,3,false,2025-10-16,2025-10-22,2025-09-25,2025-10-22
2025-10-23,20251023,2025-10-19,2025-10-25,202543,2025-10-01,2025-10-01,2025-10-31,202510,2025-10-01,2025-01-01,2025,10,23,4,false,2025-10-17,2025-10-23,2025-09-26,2025-10-23
2025-10-24,20251024,2025-10-19,2025-10-25,202543,2025-10-01,2025-10-01,2025-10-31,202510,2025-10-01,2025-01-01,2025,10,24,5,false,2025-10-18,2025-10-24,2025-09-27,2025-10-24
2025-10-25,20251025,2025-10-19,2025-10-25,202543,2025-10-01,2025-10-01,2025-10-31,202510,2025-10-01,2025-01-01,2025,10,25,6,true,2025-10-19,2025-10-25,2025-09-28,2025-10-25
2025-10-26,20251026,2025-10-26,2025-11-01,202543,2025-10-01,2025-10-01,2025-10-31,202510,2025-10-01,2025-01-01,2025,10,26,0,true,2025-10-20,2025-10-26,2025-09-29,2025-10-26
2025-10-27,20251027,2025-10-26,2025-11-01,202544,2025-10-01,2025-10-01,2025-10-31,202510,2025-10-01,2025-01-01,2025,10,27,1,false,2025-10-21,2025-10-27,2025-09-30,2025-10-27
2025-10-28,20251028,2025-10-26,2025-11-01,202544,2025-10-01,2025-10-01,2025-10-31,202510,2025-10-01,2025-01-01,2025,10,28,2,false,2025-10-22,2025-10-28,2025-10-01,2025-10-28
2025-10-29,20251029,2025-10-26,2025-11-01,202544,2025-10-01,2025-10-01,2025-10-31,202510,2025-10-01,2025-01-01,2025,10,29,3,false,2025-10-23,2025-10-29,2025-10-02,2025-10-29
2025-10-30,20251030,2025-10-26,2025-11-01,202544,2025-10-01,2025-10-01,2025-10-31,202510,2025-10-01,2025-01-01,2025,10,30,4,false,2025-10-24,2025-10-30,2025-10-03,2025-10-30
2025-10-31,20251031,2025-10-26,2025-11-01,202544,2025-10-01,2025-10-01,2025-10-31,202510,2025-10-01,2025-01-01,2025,10,31,5,false,2025-10-25,2025-10-31,2025-10-04,2025-10-31
2025-11-01,20251101,2025-10-26,2025-11-01,202544,2025-11-01,2025-11-01,2025-11-30,202511,2025-10-01,2025-01-01,2025,11,1,6,true,2025-10-26,2025-11-01,2025-10-05,2025-11-01
2025-11-02,20251102,2025-11-02,2025-11-08,202544,2025-11-01,2025-11-01,2025-11-30,202511,2025-10-01,2025-01-01,2025,11,2,0,true,2025-10-27,2025-11-02,2025-10-06,2025-11-02
2025-11-03,20251103,2025-11-02,2025-11-08,202545,2025-11-01,2025-11-01,2025-11-30,202511,2025-10-01,2025-01-01,2025,11,3,1,false,2025-10-28,2025-11-03,2025-10-07,2025-11-03
2025-11-04,20251104,2025-11-02,2025-11-08,202545,2025-11-01,2025-11-01,2025-11-30,202511,2025-10-01,2025-01-01,2025,11,4,2,false,2025-10-29,2025-11-04,2025-10-08,2025-11-04
2025-11-05,20251105,2025-11-02,2025-11-08,202545,2025-11-01,2025-11-01,2025-11-30,202511,2025-10-01,2025-01-01,2025,11,5,3,false,2025-10-30,2025-11-05,2025-10-09,2025-11-05
2025-11-06,20251106,2025-11-02,2025-11-08,202545,2025-11-01,2025-11-01,2025-11-30,202511,2025-10-01,2025-01-01,2025,11,6,4,false,2025-10-31,2025-11-06,2025-10-10,2025-11-06
2025-11-07,20251107,2025-11-02,2025-11-08,202545,2025-11-01,2025-11-01,2025-11-30,202511,2025-10-01,2025-01-01,2025,11,7,5,false,2025-11-01,2025-11-07,2025-10-11,2025-11-07
2025-11-08,20251108,2025-11-02,2025-11-08,202545,2025-11-01,2025-11-01,2025-11-30,202511,2025-10-01,2025-01-01,2025,11,8,6,true,2025-11-02,2025-11-08,2025-10-12,2025-11-08
2025-11-09,20251109,2025-11-09,2025-11-15,202545,2025-11-01,2025-11-01,2025-11-30,202511,2025-10-01,2025-01-01,2025,11,9,0,true,2025-11-03,2025-11-09,2025-10-13,2025-11-09
2025-11-10,20251110,2025-11-09,2025-11-15,202546,2025-11-01,2025-11-01,2025-11-30,202511,2025-10-01,2025-01-01,2025,11,10,1,false,2025-11-04,2025-11-10,2025-10-14,2025-11-10
2025-11-11,20251111,2025-11-09,2025-11-15,202546,2025-11-01,2025-11-01,2025-11-30,202511,2025-10-01,2025-01-01,2025,11,11,2,false,2025-11-05,2025-11-11,2025-10-15,2025-11-11
2025-11-12,20251112,2025-11-09,2025-11-15,202546,2025-11-01,2025-11-01,2025-11-30,202511,2025-10-01,2025-01-01,2025,11,12,3,false,2025-11-06,2025-11-12,2025-10-16,2025-11-12
2025-11-13,20251113,2025-11-09,2025-11-15,202546,2025-11-01,2025-11-01,2025-11-30,202511,2025-10-01,2025-01-01,2025,11,13,4,false,2025-11-07,2025-11-13,2025-10-17,2025-11-13
2025-11-14,20251114,2025-11-09,2025-11-15,202546,2025-11-01,2025-11-01,2025-11-30,202511,2025-10-01,2025-01-01,2025,11,14,5,false,2025-11-08,2025-11-14,2025-10-18,2025-11-14
2025-11-15,20251115,2025-11-09,2025-11-15,202546,2025-11-01,2025-11-01,2025-11-30,202511,2025-10-01,2025-01-01,2025,11,15,6,true,2025-11-09,2025-11-15,2025-10-19,2025-11-15
2025-11-16,20251116,2025-11-16,2025-11-22,202546,2025-11-01,2025-11-01,2025-11-30,202511,2025-10-01,2025-01-01,2025,11,16,0,true,2025-11-10,2025-11-16,2025-10-20,2025-11-16
2025-11-17,20251117,2025-11-16,2025-11-22,202547,2025-11-01,2025-11-01,2025-11-30,202511,2025-10-01,2025-01-01,2025,11,17,1,false,2025-11-11,2025-11-17,2025-10-21,2025-11-17
2025-11-18,20251118,2025-11-16,2025-11-22,202547,2025-11-01,2025-11-01,2025-11-30,202511,2025-10-01,2025-01-01,2025,11,18,2,false,2025-11-12,2025-11-18,2025-10-22,2025-11-18
2025-11-19,20251119,2025-11-16,2025-11-22,202547,2025-11-01,2025-11-01,2025-11-30,202511,2025-10-01,2025-01-01,2025,11,19,3,false,2025-11-13,2025-11-19,2025-10-23,2025-11-19
2025-11-20,20251120,2025-11-16,2025-11-22,202547,2025-11-01,2025-11-01,2025-11-30,202511,2025-10-01,2025-01-01,2025,11,20,4,false,2025-11-14,2025-11-20,2025-10-24,2025-11-20
2025-11-21,20251121,2025-11-16,2025-11-22,202547,2025-11-01,2025-11-01,2025-11-30,202511,2025-10-01,2025-01-01,2025,11,21,5,false,2025-11-15,2025-11-21,2025-10-25,2025-11-21
2025-11-22,20251122,2025-11-16,2025-11-22,202547,2025-11-01,2025-11-01,2025-11-30,202511,2025-10-01,2025-01-01,2025,11,22,6,true,2025-11-16,2025-11-22,2025-10-26,2025-11-22
2025-11-23,20251123,2025-11-23,2025-11-29,202547,2025-11-01,2025-11-01,2025-11-30,202511,2025-10-01,2025-01-01,2025,11,23,0,true,2025-11-17,2025-11-23,2025-10-27,2025-11-23
2025-11-24,20251124,2025-11-23,2025-11-29,202548,2025-11-01,2025-11-01,2025-11-30,202511,2025-10-01,2025-01-01,2025,11,24,1,false,2025-11-18,2025-11-24,2025-10-28,2025-11-24
2025-11-25,20251125,2025-11-23,2025-11-29,202548,2025-11-01,2025-11-01,2025-11-30,202511,2025-10-01,2025-01-01,2025,11,25,2,false,2025-11-19,2025-11-25,2025-10-29,2025-11-25
2025-11-26,20251126,2025-11-23,2025-11-29,202548,2025-11-01,2025-11-01,2025-11-30,202511,2025-10-01,2025-01-01,2025,11,26,3,false,2025-11-20,2025-11-26,2025-10-30,2025-11-26
2025-11-27,20251127,2025-11-23,2025-11-29,202548,2025-11-01,2025-11-01,2025-11-30,202511,2025-10-01,2025-01-01,2025,11,27,4,false,2025-11-21,2025-11-27,2025-10-31,2025-11-27
2025-11-28,20251128,2025-11-23,2025-11-29,202548,2025-11-01,2025-11-01,2025-11-30,202511,2025-10-01,2025-01-01,2025,11,28,5,false,2025-11-22,2025-11-28,2025-11-01,2025-11-28
2025-11-29,20251129,2025-11-23,2025-11-29,202548,2025-11-01,2025-11-01,2025-11-30,202511,2025-10-01,2025-01-01,2025,11,29,6,true,2025-11-23,2025-11-29,2025-11-02,2025-11-29
2025-11-30,20251130,2025-11-30,2025-12-06,202548,2025-11-01,2025-11-01,2025-11-30,202511,2025-10-01,2025-01-01,2025,11,30,0,true,2025-11-24,2025-11-30,2025-11-03,2025-11-30
2025-12-01,20251201,2025-11-30,2025-12-06,202549,2025-12-01,2025-12-01,2025-12-31,202512,2025-10-01,2025-01-01,2025,12,1,1,false,2025-11-25,2025-12-01,2025-11-04,2025-12-01
2025-12-02,20251202,2025-11-30,2025-12-06,202549,2025-12-01,2025-12-01,2025-12-31,202512,2025-10-01,2025-01-01,2025,12,2,2,false,2025-11-26,2025-12-02,2025-11-05,2025-12-02
2025-12-03,20251203,2025-11-30,2025-12-06,202549,2025-12-01,2025-12-01,2025-12-31,202512,2025-10-01,2025-01-01,2025,12,3,3,false,2025-11-27,2025-12-03,2025-11-06,2025-12-03
2025-12-04,20251204,2025-11-30,2025-12-06,202549,2025-12-01,2025-12-01,2025-12-31,202512,2025-10-01,2025-01-01,2025,12,4,4,false,2025-11-28,2025-12-04,2025-11-07,2025-12-04
2025-12-05,20251205,2025-11-30,2025-12-06,202549,2025-12-01,2025-12-01,2025-12-31,202512,2025-10-01,2025-01-01,2025,12,5,5,false,2025-11-29,2025-12-05,2025-11-08,2025-12-05
2025-12-06,20251206,2025-11-30,2025-12-06,202549,2025-12-01,2025-12-01,2025-12-31,202512,2025-10-01,2025-01-01,2025,12,6,6,true,2025-11-30,2025-12-06,2025-11-09,2025-12-06
2025-12-07,20251207,2025-12-07,2025-12-13,202549,2025-12-01,2025-12-01,2025-12-31,202512,2025-10-01,2025-01-01,2025,12,7,0,true,2025-12-01,2025-12-07,2025-11-10,2025-12-07
2025-12-08,20251208,2025-12-07,2025-12-13,202550,2025-12-01,2025-12-01,2025-12-31,202512,2025-10-01,2025-01-01,2025,12,8,1,false,2025-12-02,2025-12-08,2025-11-11,2025-12-08
2025-12-09,20251209,2025-12-07,2025-12-13,202550,2025-12-01,2025-12-01,2025-12-31,202512,2025-10-01,2025-01-01,2025,12,9,2,false,2025-12-03,2025-12-09,2025-11-12,2025-12-09
2025-12-10,20251210,2025-12-07,2025-12-13,202550,2025-12-01,2025-12-01,2025-12-31,202512,2025-10-01,2025-01-01,2025,12,10,3,false,2025-12-04,2025-12-10,2025-11-13,2025-12-10
2025-12-11,20251211,2025-12-07,2025-12-13,202550,2025-12-01,2025-12-01,2025-12-31,202512,2025-10-01,2025-01-01,2025,12,11,4,false,2025-12-05,2025-12-11,2025-11-14,2025-12-11
2025-12-12,20251212,2025-12-07,2025-12-13,202550,2025-12-01,2025-12-01,2025-12-31,202512,2025-10-01,2025-01-01,2025,12,12,5,false,2025-12-06,2025-12-12,2025-11-15,2025-12-12
2025-12-13,20251213,2025-12-07,2025-12-13,202550,2025-12-01,2025-12-01,2025-12-31,202512,2025-10-01,2025-01-01,2025,12,13,6,true,2025-12-07,2025-12-13,2025-11-16,2025-12-13
2025-12-14,20251214,2025-12-14,2025-12-20,202550,2025-12-01,2025-12-01,2025-12-31,202512,2025-10-01,2025-01-01,2025,12,14,0,true,2025-12-08,2025-12-14,2025-11-17,2025-12-14
2025-12-15,20251215,2025-12-14,2025-12-20,202551,2025-12-01,2025-12-01,2025-12-31,202512,2025-10-01,2025-01-01,2025,12,15,1,false,2025-12-09,2025-12-15,2025-11-18,2025-12-15
2025-12-16,20251216,2025-12-14,2025-12-20,202551,2025-12-01,2025-12-01,2025-12-31,202512,2025-10-01,2025-01-01,2025,12,16,2,false,2025-12-10,2025-12-16,2025-11-19,2025-12-16
2025-12-17,20251217,2025-12-14,2025-12-20,202551,2025-12-01,2025-12-01,2025-12-31,202512,2025-10-01,2025-01-01,2025,12,17,3,false,2025-12-11,2025-12-17,2025-11-20,2025-12-17
2025-12-18,20251218,2025-12-14,2025-12-20,202551,2025-12-01,2025-12-01,2025-12-31,202512,2025-10-01,2025-01-01,2025,12,18,4,false,2025-12-12,2025-12-18,2025-11-21,2025-12-18
2025-12-19,20251219,2025-12-14,2025-12-20,202551,2025-12-01,2025-12-01,2025-12-31,202512,2025-10-01,2025-01-01,2025,12,19,5,false,2025-12-13,2025-12-19,2025-11-22,2025-12-19
2025-12-20,20251220,2025-12-14,2025-12-20,202551,2025-12-01,2025-12-01,2025-12-31,202512,2025-10-01,2025-01-01,2025,12,20,6,true,2025-12-14,2025-12-20,2025-11-23,2025-12-20
2025-12-21,20251221,2025-12-21,2025-12-27,202551,2025-12-01,2025-12-01,2025-12-31,202512,2025-10-01,2025-01-01,2025,12,21,0,true,2025-12-15,2025-12-21,2025-11-24,2025-12-21
2025-12-22,20251222,2025-12-21,2025-12-27,202552,2025-12-01,2025-12-01,2025-12-31,202512,2025-10-01,2025-01-01,2025,12,22,1,false,2025-12-16,2025-12-22,2025-11-25,2025-12-22
2025-12-23,20251223,2025-12-21,2025-12-27,202552,2025-12-01,2025-12-01,2025-12-31,202512,2025-10-01,2025-01-01,2025,12,23,2,false,2025-12-17,2025-12-23,2025-11-26,2025-12-23
2025-12-24,20251224,2025-12-21,2025-12-27,202552,2025-12-01,2025-12-01,2025-12-31,202512,2025-10-01,2025-01-01,2025,12,24,3,false,2025-12-18,2025-12-24,2025-11-27,2025-12-24
2025-12-25,20251225,2025-12-21,2025-12-27,202552,2025-12-01,2025-12-01,2025-12-31,202512,2025-10-01,2025-01-01,2025,12,25,4,false,2025-12-19,2025-12-25,2025-11-28,2025-12-25
2025-12-26,20251226,2025-12-21,2025-12-27,202552,2025-12-01,2025-12-01,2025-12-31,202512,2025-10-01,2025-01-01,2025,12,26,5,false,2025-12-20,2025-12-26,2025-11-29,2025-12-26
2025-12-27,20251227,2025-12-21,2025-12-27,202552,2025-12-01,2025-12-01,2025-12-31,202512,2025-10-01,2025-01-01,2025,12,27,6,true,2025-12-21,2025-12-27,2025-11-30,2025-12-27
2025-12-28,20251228,2025-12-28,2026-01-03,202552,2025-12-01,2025-12-01,2025-12-31,202512,2025-10-01,2025-01-01,2025,12,28,0,true,2025-12-22,2025-12-28,2025-12-01,2025-12-28
2025-12-29,20251229,2025-12-28,2026-01-03,202601,2025-12-01,2025-12-01,2025-12-31,202512,2025-10-01,2025-01-01,2025,12,29,1,false,2025-12-23,2025-12-29,2025-12-02,2025-12-29
2025-12-30,20251230,2025-12-28,2026-01-03,202601,2025-12-01,2025-12-01,2025-12-31,202512,2025-10-01,2025-01-01,2025,12,30,2,false,2025-12-24,2025-12-30,2025-12-03,2025-12-30
2025-12-31,20251231,2025-12-28,2026-01-03,202601,2025-12-01,2025-12-01,2025-12-31,202512,2025-10-01,2025-01-01,2025,12,31,3,false,2025-12-25,2025-12-31,2025-12-04,2025-12-31
2026-01-01,20260101,2025-12-28,2026-01-03,202601,2026-01-01,2026-01-01,2026-01-31,202601,2026-01-01,2026-01-01,2026,1,1,4,false,2025-12-26,2026-01-01,2025-12-05,2026-01-01
2026-01-02,20260102,2025-12-28,2026-01-03,202601,2026-01-01,2026-01-01,2026-01-31,202601,2026-01-01,2026-01-01,2026,1,2,5,false,2025-12-27,2026-01-02,2025-12-06,2026-01-02
2026-01-03,20260103,2025-12-28,2026-01-03,202601,2026-01-01,2026-01-01,2026-01-31,202601,2026-01-01,2026-01-01,2026,1,3,6,true,2025-12-28,2026-01-03,2025-12-07,2026-01-03
2026-01-04,20260104,2026-01-04,2026-01-10,202601,2026-01-01,2026-01-01,2026-01-31,202601,2026-01-01,2026-01-01,2026,1,4,0,true,2025-12-29,2026-01-04,2025-12-08,2026-01-04
2026-01-05,20260105,2026-01-04,2026-01-10,202602,2026-01-01,2026-01-01,2026-01-31,202601,2026-01-01,2026-01-01,2026,1,5,1,false,2025-12-30,2026-01-05,2025-12-09,2026-01-05
2026-01-06,20260106,2026-01-04,2026-01-10,202602,2026-01-01,2026-01-01,2026-01-31,202601,2026-01-01,2026-01-01,2026,1,6,2,false,2025-12-31,2026-01-06,2025-12-10,2026-01-06
2026-01-07,20260107,2026-01-04,2026-01-10,202602,2026-01-01,2026-01-01,2026-01-31,202601,2026-01-01,2026-01-01,2026,1,7,3,false,2026-01-01,2026-01-07,2025-12-11,2026-01-07
2026-01-08,20260108,2026-01-04,2026-01-10,202602,2026-01-01,2026-01-01,2026-01-31,202601,2026-01-01,2026-01-01,2026,1,8,4,false,2026-01-02,2026-01-08,2025-12-12,2026-01-08
2026-01-09,20260109,2026-01-04,2026-01-10,202602,2026-01-01,2026-01-01,2026-01-31,202601,2026-01-01,2026-01-01,2026,1,9,5,false,2026-01-03,2026-01-09,2025-12-13,2026-01-09
2026-01-10,20260110,2026-01-04,2026-01-10,202602,2026-01-01,2026-01-01,2026-01-31,202601,2026-01-01,2026-01-01,2026,1,10,6,true,2026-01-04,2026-01-10,2025-12-14,2026-01-10
2026-01-11,20260111,2026-01-11,2026-01-17,202602,2026-01-01,2026-01-01,2026-01-31,202601,2026-01-01,2026-01-01,2026,1,11,0,true,2026-01-05,2026-01-11,2025-12-15,2026-01-11
2026-01-12,20260112,2026-01-11,2026-01-17,202603,2026-01-01,2026-01-01,2026-01-31,202601,2026-01-01,2026-01-01,2026,1,12,1,false,2026-01-06,2026-01-12,2025-12-16,2026-01-12
2026-01-13,20260113,2026-01-11,2026-01-17,202603,2026-01-01,2026-01-01,2026-01-31,202601,2026-01-01,2026-01-01,2026,1,13,2,false,2026-01-07,2026-01-13,2025-12-17,2026-01-13
2026-01-14,20260114,2026-01-11,2026-01-17,202603,2026-01-01,2026-01-01,2026-01-31,202601,2026-01-01,2026-01-01,2026,1,14,3,false,2026-01-08,2026-01-14,2025-12-18,2026-01-14
2026-01-15,20260115,2026-01-11,2026-01-17,202603,2026-01-01,2026-01-01,2026-01-31,202601,2026-01-01,2026-01-01,2026,1,15,4,false,2026-01-09,2026-01-15,2025-12-19,2026-01-15
2026-01-16,20260116,2026-01-11,2026-01-17,202603,2026-01-01,2026-01-01,2026-01-31,202601,2026-01-01,2026-01-01,2026,1,16,5,false,2026-01-10,2026-01-16,2025-12-20,2026-01-16
2026-01-17,20260117,2026-01-11,2026-01-17,202603,2026-01-01,2026-01-01,2026-01-31,202601,2026-01-01,2026-01-01,2026,1,17,6,true,2026-01-11,2026-01-17,2025-12-21,2026-01-17
2026-01-18,20260118,2026-01-18,2026-01-24,202603,2026-01-01,2026-01-01,2026-01-31,202601,2026-01-01,2026-01-01,2026,1,18,0,true,2026-01-12,2026-01-18,2025-12-22,2026-01-18
2026-01-19,20260119,2026-01-18,2026-01-24,202604,2026-01-01,2026-01-01,2026-01-31,202601,2026-01-01,2026-01-01,2026,1,19,1,false,2026-01-13,2026-01-19,2025-12-23,2026-01-19
2026-01-20,20260120,2026-01-18,2026-01-24,202604,2026-01-01,2026-01-01,2026-01-31,202601,2026-01-01,2026-01-01,2026,1,20,2,false,2026-01-14,2026-01-20,2025-12-24,2026-01-20
2026-01-21,20260121,2026-01-18,2026-01-24,202604,2026-01-01,2026-01-01,2026-01-31,202601,2026-01-01,2026-01-01,2026,1,21,3,false,2026-01-15,2026-01-21,2025-12-25,2026-01-21
2026-01-22,20260122,2026-01-18,2026-01-24,202604,2026-01-01,2026-01-01,2026-01-31,202601,2026-01-01,2026-01-01,2026,1,22,4,false,2026-01-16,2026-01-22,2025-12-26,2026-01-22
2026-01-23,20260123,2026-01-18,2026-01-24,202604,2026-01-01,2026-01-01,2026-01-31,202601,2026-01-01,2026-01-01,2026,1,23,5,false,2026-01-17,2026-01-23,2025-12-27,2026-01-23
2026-01-24,20260124,2026-01-18,2026-01-24,202604,2026-01-01,2026-01-01,2026-01-31,202601,2026-01-01,2026-01-01,2026,1,24,6,true,2026-01-18,2026-01-24,2025-12-28,2026-01-24
2026-01-25,20260125,2026-01-25,2026-01-31,202604,2026-01-01,2026-01-01,2026-01-31,202601,2026-01-01,2026-01-01,2026,1,25,0,true,2026-01-19,2026-01-25,2025-12-29,2026-01-25
2026-01-26,20260126,2026-01-25,2026-01-31,202605,2026-01-01,2026-01-01,2026-01-31,202601,2026-01-01,2026-01-01,2026,1,26,1,false,2026-01-20,2026-01-26,2025-12-30,2026-01-26
2026-01-27,20260127,2026-01-25,2026-01-31,202605,2026-01-01,2026-01-01,2026-01-31,202601,2026-01-01,2026-01-01,2026,1,27,2,false,2026-01-21,2026-01-27,2025-12-31,2026-01-27
2026-01-28,20260128,2026-01-25,2026-01-31,202605,2026-01-01,2026-01-01,2026-01-31,202601,2026-01-01,2026-01-01,2026,1,28,3,false,2026-01-22,2026-01-28,2026-01-01,2026-01-28
2026-01-29,20260129,2026-01-25,2026-01-31,202605,2026-01-01,2026-01-01,2026-01-31,202601,2026-01-01,2026-01-01,2026,1,29,4,false,2026-01-23,2026-01-29,2026-01-02,2026-01-29
2026-01-30,20260130,2026-01-25,2026-01-31,202605,2026-01-01,2026-01-01,2026-01-31,202601,2026-01-01,2026-01-01,2026,1,30,5,false,2026-01-24,2026-01-30,2026-01-03,2026-01-30
2026-01-31,20260131,2026-01-25,2026-01-31,202605,2026-01-01,2026-01-01,2026-01-31,202601,2026-01-01,2026-01-01,2026,1,31,6,true,2026-01-25,2026-01-31,2026-01-04,2026-01-31
2026-02-01,20260201,2026-02-01,2026-02-07,202605,2026-02-01,2026-02-01,2026-02-28,202602,2026-01-01,2026-01-01,2026,2,1,0,true,2026-01-26,2026-02-01,2026-01-05,2026-02-01
2026-02-02,20260202,2026-02-01,2026-02-07,202606,2026-02-01,2026-02-01,2026-02-28,202602,2026-01-01,2026-01-01,2026,2,2,1,false,2026-01-27,2026-02-02,2026-01-06,2026-02-02
2026-02-03,20260203,2026-02-01,2026-02-07,202606,2026-02-01,2026-02-01,2026-02-28,202602,2026-01-01,2026-01-01,2026,2,3,2,false,2026-01-28,2026-02-03,2026-01-07,2026-02-03
2026-02-04,20260204,2026-02-01,2026-02-07,202606,2026-02-01,2026-02-01,2026-02-28,202602,2026-01-01,2026-01-01,2026,2,4,3,false,2026-01-29,2026-02-04,2026-01-08,2026-02-04
2026-02-05,20260205,2026-02-01,2026-02-07,202606,2026-02-01,2026-02-01,2026-02-28,202602,2026-01-01,2026-01-01,2026,2,5,4,false,2026-01-30,2026-02-05,2026-01-09,2026-02-05
2026-02-06,20260206,2026-02-01,2026-02-07,202606,2026-02-01,2026-02-01,2026-02-28,202602,2026-01-01,2026-01-01,2026,2,6,5,false,2026-01-31,2026-02-06,2026-01-10,2026-02-06
2026-02-07,20260207,2026-02-01,2026-02-07,202606,2026-02-01,2026-02-01,2026-02-28,202602,2026-01-01,2026-01-01,2026,2,7,6,true,2026-02-01,2026-02-07,2026-01-11,2026-02-07
2026-02-08,20260208,2026-02-08,2026-02-14,202606,2026-02-01,2026-02-01,2026-02-28,202602,2026-01-01,2026-01-01,2026,2,8,0,true,2026-02-02,2026-02-08,2026-01-12,2026-02-08
2026-02-09,20260209,2026-02-08,2026-02-14,202607,2026-02-01,2026-02-01,2026-02-28,202602,2026-01-01,2026-01-01,2026,2,9,1,false,2026-02-03,2026-02-09,2026-01-13,2026-02-09
2026-02-10,20260210,2026-02-08,2026-02-14,202607,2026-02-01,2026-02-01,2026-02-28,202602,2026-01-01,2026-01-01,2026,2,10,2,false,2026-02-04,2026-02-10,2026-01-14,2026-02-10
2026-02-11,20260211,2026-02-08,2026-02-14,202607,2026-02-01,2026-02-01,2026-02-28,202602,2026-01-01,2026-01-01,2026,2,11,3,false,2026-02-05,2026-02-11,2026-01-15,2026-02-11
2026-02-12,20260212,2026-02-08,2026-02-14,202607,2026-02-01,2026-02-01,2026-02-28,202602,2026-01-01,2026-01-01,2026,2,12,4,false,2026-02-06,2026-02-12,2026-01-16,2026-02-12
2026-02-13,20260213,2026-02-08,2026-02-14,202607,2026-02-01,2026-02-01,2026-02-28,202602,2026-01-01,2026-01-01,2026,2,13,5,false,2026-02-07,2026-02-13,2026-01-17,2026-02-13
2026-02-14,20260214,2026-02-08,2026-02-14,202607,2026-02-01,2026-02-01,2026-02-28,202602,2026-01-01,2026-01-01,2026,2,14,6,true,2026-02-08,2026-02-14,2026-01-18,2026-02-14
2026-02-15,20260215,2026-02-15,2026-02-21,202607,2026-02-01,2026-02-01,2026-02-28,202602,2026-01-01,2026-01-01,2026,2,15,0,true,2026-02-09,2026-02-15,2026-01-19,2026-02-15
2026-02-16,20260216,2026-02-15,2026-02-21,202608,2026-02-01,2026-02-01,2026-02-28,202602,2026-01-01,2026-01-01,2026,2,16,1,false,2026-02-10,2026-02-16,2026-01-20,2026-02-16
2026-02-17,20260217,2026-02-15,2026-02-21,202608,2026-02-01,2026-02-01,2026-02-28,202602,2026-01-01,2026-01-01,2026,2,17,2,false,2026-02-11,2026-02-17,2026-01-21,2026-02-17
2026-02-18,20260218,2026-02-15,2026-02-21,202608,2026-02-01,2026-02-01,2026-02-28,202602,2026-01-01,2026-01-01,2026,2,18,3,false,2026-02-12,2026-02-18,2026-01-22,2026-02-18
2026-02-19,20260219,2026-02-15,2026-02-21,202608,2026-02-01,2026-02-01,2026-02-28,202602,2026-01-01,2026-01-01,2026,2,19,4,false,2026-02-13,2026-02-19,2026-01-23,2026-02-19
2026-02-20,20260220,2026-02-15,2026-02-21,202608,2026-02-01,2026-02-01,2026-02-28,202602,2026-01-01,2026-01-01,2026,2,20,5,false,2026-02-14,2026-02-20,2026-01-24,2026-02-20
2026-02-21,20260221,2026-02-15,2026-02-21,202608,2026-02-01,2026-02-01,2026-02-28,202602,2026-01-01,2026-01-01,2026,2,21,6,true,2026-02-15,2026-02-21,2026-01-25,2026-02-21
2026-02-22,20260222,2026-02-22,2026-02-28,202608,2026-02-01,2026-02-01,2026-02-28,202602,2026-01-01,2026-01-01,2026,2,22,0,true,2026-02-16,2026-02-22,2026-01-26,2026-02-22
2026-02-23,20260223,2026-02-22,2026-02-28,202609,2026-02-01,2026-02-01,2026-02-28,202602,2026-01-01,2026-01-01,2026,2,23,1,false,2026-02-17,2026-02-23,2026-01-27,2026-02-23
2026-02-24,20260224,2026-02-22,2026-02-28,202609,2026-02-01,2026-02-01,2026-02-28,202602,2026-01-01,2026-01-01,2026,2,24,2,false,2026-02-18,2026-02-24,2026-01-28,2026-02-24
2026-02-25,20260225,2026-02-22,2026-02-28,202609,2026-02-01,2026-02-01,2026-02-28,202602,2026-01-01,2026-01-01,2026,2,25,3,false,2026-02-19,2026-02-25,2026-01-29,2026-02-25
2026-02-26,20260226,2026-02-22,2026-02-28,202609,2026-02-01,2026-02-01,2026-02-28,202602,2026-01-01,2026-01-01,2026,2,26,4,false,2026-02-20,2026-02-26,2026-01-30,2026-02-26
2026-02-27,20260227,2026-02-22,2026-02-28,202609,2026-02-01,2026-02-01,2026-02-28,202602,2026-01-01,2026-01-01,2026,2,27,5,false,2026-02-21,2026-02-27,2026-01-31,2026-02-27
2026-02-28,20260228,2026-02-22,2026-02-28,202609,2026-02-01,2026-02-01,2026-02-28,202602,2026-01-01,2026-01-01,2026,2,28,6,true,2026-02-22,2026-02-28,2026-02-01,2026-02-28
